{"eval/steps_per_second":28.483,"test/precision_pos":0.6524822695035462,"train_samples_per_second":77.996,"test/samples_per_second":446.994,"test/runtime":10.3469,"overall/FN":122,"fr/precision_pos":0.48936170212765956,"en/recall_pos":0.7868852459016393,"train/loss":0.0222,"overall/TP":276,"eval/recall_pos":0.6934673366834171,"ru/accuracy":0.9355805243445693,"eval/accuracy":0.9418378378378378,"test/f1_neg":0.9680863684897378,"fr/recall_pos":0.7666666666666667,"ru/precision_pos":0.6879699248120301,"de/recall_pos":0.6285714285714286,"overall/macro_f1_pos":0.647401189269219,"overall/precision_pos":0.6524822695035462,"test/recall_pos":0.6934673366834171,"overall/f1_pos":0.6723507917174177,"fr/f1_pos":0.5974025974025974,"overall/accuracy":0.9418378378378378,"_timestamp":1.743783981849371e+09,"train_steps_per_second":2.437,"eval/f1_pos":0.6723507917174177,"confusion_matrix_table":{"path":"media/table/confusion_matrix_table_178_66718c7f036c622919f0.table.json","ncols":3,"nrows":4,"_type":"table-file","sha256":"66718c7f036c622919f0d61e0577c28bf85de511658664594dacd0e45f68cb26","size":227,"artifact_path":"wandb-client-artifact://i7bnoxwd3z48iuu9o11ayr8n38doowz2rzag2csmbeshfi8k9iyxuuxl2jmaun8mzef38as72un0us0612nabgn7q4txyz48n1xafa559tbxv4bmapdzctodkd53e6p6/confusion_matrix_table.table.json","_latest_artifact_path":"wandb-client-artifact://hrlo2oel08ham51q73y44dedtrhk62qqwbxn4ww47bx8d5qsfk9hon60kflozvww7o8okhixkvv20uqcmde1r0pncc0yd2c5ctdp0dajo4bqsnakmj3ue4ie528fmy90:latest/confusion_matrix_table.table.json"},"_runtime":3462.8094222,"_step":178,"en/f1_pos":0.7619047619047619,"train/grad_norm":1.6932153701782227,"train_runtime":3434.2273,"test/loss":0.9245741367340088,"train/global_step":8368,"train_loss":0.1383041837813607,"eval/runtime":10.1814,"en/precision_pos":0.7384615384615385,"eval/samples_per_second":454.259,"de/f1_pos":0.55,"train/epoch":7.992833253702819,"eval/f1_neg":0.9680863684897378,"eval/precision_pos":0.6524822695035462,"_wandb":{"runtime":3463},"eval/loss":0.9245741367340088,"test/steps_per_second":28.028,"test/f1_pos":0.6723507917174177,"de/accuracy":0.943217665615142,"total_flos":3.520715342877696e+16,"overall/FP":147,"ru/f1_pos":0.6802973977695167,"overall/recall_pos":0.6934673366834171,"test/accuracy":0.9418378378378378,"fr/accuracy":0.9260143198090692,"de/precision_pos":0.4888888888888889,"en/accuracy":0.9667405764966741,"ru/recall_pos":0.6727941176470589,"overall/TN":4080,"train/learning_rate":6.453154875717018e-08}