{"eval_argmax_eval_samples_per_second":122.086,"final_overall/f1_pos":0.6683870967741935,"eval/runtime":37.8751,"train/epoch":7.999358727715788,"eval/f1_pos":0.6675126903553299,"final_overall/accuracy":0.9444204152249135,"final_fr/recall_pos":0.7666666666666667,"eval_argmax_eval_loss":0.8648844361305237,"test/steps_per_second":12.756,"final_de/precision_pos":0.5135135135135135,"final_fr/f1_pos":0.6666666666666666,"test/runtime":45.3133,"test/samples_per_second":102.045,"train_samples_per_second":45.502,"final_overall/FN":139,"final_ru/recall_pos":0.6323529411764706,"best_threshold_macro_f1":0.652202849870314,"train/learning_rate":1.026694045174538e-07,"test/f1_pos":0.6675126903553299,"train_runtime":5483.1656,"eval_argmax_epoch":7.999358727715788,"best_threshold":0.7366847991943359,"final_en/recall_pos":0.7377049180327869,"test/loss":0.8648844361305237,"test/accuracy":0.9433391003460208,"test/recall_pos":0.6608040201005025,"final_overall/macro_f1_pos":0.652202849870314,"train/loss":0.0488,"eval_argmax_eval_precision_pos":0.6743589743589744,"eval/precision_pos":0.6743589743589744,"final_en/accuracy":0.9656319290465631,"total_flos":3.281363215816704e+16,"final_en/f1_pos":0.743801652892562,"final_ru/accuracy":0.9367041198501873,"eval_argmax_eval_steps_per_second":15.261,"final_overall/precision_pos":0.6870026525198939,"eval_argmax_eval_f1_neg":0.9690307328605201,"final_overall/TN":4108,"final_ru/f1_pos":0.6705653021442495,"_wandb":{"runtime":5594},"final_overall/TP":259,"train/global_step":7792,"eval/accuracy":0.9433391003460208,"eval/recall_pos":0.6608040201005025,"final_de/accuracy":0.9463722397476341,"final_de/f1_pos":0.5277777777777778,"_runtime":5593.9423695,"_timestamp":1.743690917056482e+09,"eval_argmax_eval_runtime":37.8751,"eval_argmax_eval_accuracy":0.9433391003460208,"final_fr/accuracy":0.9449760765550239,"train/grad_norm":0.015108542516827583,"train_loss":0.1508758809777011,"test/precision_pos":0.6743589743589744,"eval_argmax_eval_recall_pos":0.6608040201005025,"final_overall/FP":118,"_step":93,"final_de/recall_pos":0.5428571428571428,"final_overall/recall_pos":0.6507537688442211,"eval_argmax_eval_f1_pos":0.6675126903553299,"eval/steps_per_second":15.261,"train_steps_per_second":1.421,"final_en/precision_pos":0.75,"final_confusion_matrix_table":{"ncols":3,"nrows":4,"_type":"table-file","sha256":"2276d740b41c1e6b590df3fadcf699d0d02c923a661c693c3c391428beca5b9a","size":227,"artifact_path":"wandb-client-artifact://0ugapljbxhbcx8udxai94g0zsuic6vroqyfwbagu5uc0h2pc3vru64zeux1180a0r92vqpxphnf6b3gb9d54l8gjigznmy2a416qvncbslzy30iw514071ikau3lrjfs/final_confusion_matrix_table.table.json","_latest_artifact_path":"wandb-client-artifact://dyiwgvg2nhe0phjk1cstxqvcgce1mybcftd8lwt12kxdt5o62zt123ws88xdf9lna1vhlyhbo63rormy5qanrzw62dd4mpua0vaywn65e1fyzz6du6gwzozfkied692n:latest/final_confusion_matrix_table.table.json","path":"media/table/final_confusion_matrix_table_93_2276d740b41c1e6b590d.table.json"},"eval/f1_neg":0.9690307328605201,"eval/samples_per_second":122.086,"final_fr/precision_pos":0.5897435897435898,"test/f1_neg":0.9690307328605201,"final_ru/precision_pos":0.7136929460580913,"eval/loss":0.8648844361305237}