{"eval/en/thresh/accuracy":0.9667405764966741,"test/accuracy":0.932972972972973,"test/recall_pos":0.6934673366834171,"test/samples_per_second":351.956,"eval/loss":0.9058984518051147,"eval/fr/thresh/accuracy":0.9284009546539379,"train/learning_rate":5.40368722186904e-06,"eval/runtime":12.8498,"eval/best_val_f1_at_threshold":0.6591478696741855,"eval/en/thresh/f1_pos":0.7368421052631579,"eval/samples_per_second":359.928,"eval/ru/thresh/accuracy":0.9370786516853933,"eval/de/thresh/f1_pos":0.4634146341463415,"train/global_step":6276,"test/precision_pos":0.5948275862068966,"test/steps_per_second":44.061,"eval/f1_neg":0.9693064667291471,"train_runtime":3026.5104,"eval/f1_pos":0.6330532212885154,"eval/en/thresh/recall_pos":0.6885245901639344,"eval/de/thresh/accuracy":0.9305993690851735,"eval/overall/thresh/recall_pos":0.6608040201005025,"train/epoch":5.999641619878151,"train/loss":0.0485,"eval/de/thresh/precision_pos":0.40425531914893614,"eval/fr/thresh/recall_pos":0.7,"eval/overall/thresh/f1_pos":0.6591478696741855,"eval/best_threshold":0.7399999999999997,"_step":134,"eval/steps_per_second":45.059,"eval/recall_pos":0.5678391959798995,"train_loss":0.16198491098547985,"_timestamp":1.7438674882468245e+09,"test/loss":0.3498527705669403,"train_steps_per_second":2.765,"train_samples_per_second":88.503,"eval/overall/thresh/macro_f1_pos_lang":0.6166522351668403,"test/runtime":13.1408,"test/f1_pos":0.6403712296983759,"_runtime":3048.8342857,"test/f1_neg":0.9630424415832142,"_wandb":{"runtime":3048},"total_flos":2.02330757127744e+16,"train/grad_norm":0.04747169092297554,"eval/en/thresh/precision_pos":0.7924528301886793,"eval/overall/thresh/precision_pos":0.6575,"eval/fr/thresh/f1_pos":0.5833333333333334,"eval/fr/thresh/precision_pos":0.5,"eval/ru/thresh/recall_pos":0.6654411764705882,"eval/de/thresh/recall_pos":0.5428571428571428,"eval/overall/thresh/accuracy":0.9411891891891891,"eval/overall/thresh/conf_matrix":{"sha256":"1c9e8ce0958686aabed20d61a6697fd787f385ad843f26ce6c00d3fb6105b04c","size":68,"artifact_path":"wandb-client-artifact://xt3gqez4z2qur0nwnie6lxr4uu7tsfztobo8abgl17xrqycv32tfexnn791elbtqy90brcjbasqy71l937v2akd9xpyo7rwve8v6im5vyx6nj2yyxrr117m91tgtwfx9/eval/overall/thresh/conf_matrix.table.json","_latest_artifact_path":"wandb-client-artifact://t99gsi6t9yfz46nx2ifi03t663q9bkx3ztnp2ww5wn3uloj7ez2vay1v4pf9jbkjl5xwsbv7mdh73le1n8rvgihoo56i8s1kojtgjy52a4tcyi75g9ifhmurjmv0petb:latest/eval/overall/thresh/conf_matrix.table.json","path":"media/table/eval/overall/thresh/conf_matrix_134_1c9e8ce0958686aabed2.table.json","ncols":2,"nrows":2,"_type":"table-file"},"eval/ru/thresh/precision_pos":0.7015503875968992,"eval/accuracy":0.9433513513513514,"eval/precision_pos":0.7151898734177216,"eval/ru/thresh/f1_pos":0.6830188679245283}