{"eval_argmax_eval_f1_neg":0.9643026004728132,"eval_argmax_eval_steps_per_second":26.581,"eval_argmax_eval_f1_pos":0.616751269035533,"eval_argmax_eval_precision_pos":0.6230769230769231,"eval/loss":0.3287891149520874,"eval/f1_neg":0.9643026004728132,"overall_tuned/precision_pos":0.633245382585752,"ru/f1_pos_tuned":0.6292134831460674,"eval/recall_pos":0.6105527638190955,"de/precision_pos_tuned":0.5666666666666667,"ru/precision_pos_tuned":0.6412213740458015,"de/recall_pos_tuned":0.4857142857142857,"train/learning_rate":2.561601642710472e-06,"overall_tuned/TP":240,"eval/runtime":10.8724,"eval_argmax_epoch":6.999486916367368,"overall_tuned/FN":158,"_wandb":{"runtime":3941},"train/loss":0.0123,"train_samples_per_second":87.726,"test/f1_pos":0.616751269035533,"test/accuracy":0.9346885813148789,"eval/f1_pos":0.616751269035533,"train/grad_norm":0.004443818237632513,"eval/precision_pos":0.6230769230769231,"ru/recall_pos_tuned":0.6176470588235294,"en/f1_pos_tuned":0.6721311475409836,"confusion_matrix_tuned_table":{"sha256":"7cb68656a6fded7e660769076a84d1f51b3274fb58efbcc47de550feb1fd5125","size":227,"artifact_path":"wandb-client-artifact://zlkfdgirior4nl7um31l95drtgriie7uwjpue4pva2sbref7stsktdthcqhy24h7fra8iyyqdc99zehmndjfq3vwoae9fry9jn0dznhi8he6kzyk12geomozwowft5w0/confusion_matrix_tuned_table.table.json","_latest_artifact_path":"wandb-client-artifact://ritji6ukt4p5ycvd3p7zray42xsycxpc3dzg8gmy5i107jjc02uc4fywx6la0h7iy231vhi1w72w87d58gpcbfe9o9k7ejbyhw8vy7vxycsk8qqx49xe1jr5k7gmi8qm:latest/confusion_matrix_tuned_table.table.json","path":"media/table/confusion_matrix_tuned_table_215_7cb68656a6fded7e6607.table.json","ncols":3,"nrows":4,"_type":"table-file"},"en/recall_pos_tuned":0.6721311475409836,"overall_tuned/TN":4087,"eval_argmax_eval_runtime":10.8724,"en/accuracy_tuned":0.9556541019955654,"_step":215,"eval_argmax_eval_accuracy":0.9346885813148789,"test/steps_per_second":25.642,"train_loss":0.05177279695842266,"test/runtime":11.2707,"de/f1_pos_tuned":0.5230769230769231,"best_threshold_f1":0.6177606177606177,"test/samples_per_second":410.267,"eval/accuracy":0.9346885813148789,"test/recall_pos":0.6105527638190955,"overall_tuned/accuracy":0.9357698961937716,"overall_tuned/FP":139,"_runtime":3941.2639638,"en/precision_pos_tuned":0.6721311475409836,"best_threshold":0.5265710353851318,"overall_tuned/f1_pos":0.6177606177606177,"eval/steps_per_second":26.581,"eval_argmax_eval_samples_per_second":425.296,"overall_tuned/recall_pos":0.6030150753768844,"train/epoch":6.999486916367368,"train_steps_per_second":2.741,"overall_tuned/macro_f1_pos":0.5811053884409936,"de/accuracy_tuned":0.9511041009463722,"fr/accuracy_tuned":0.9330143540669856,"eval_argmax_eval_loss":0.3287891149520874,"total_flos":1.4355070395273216e+16,"train_runtime":2843.1373,"test/precision_pos":0.6230769230769231,"fr/f1_pos_tuned":0.5,"test/loss":0.3287891149520874,"train/global_step":6818,"fr/recall_pos_tuned":0.4666666666666667,"ru/accuracy_tuned":0.9258426966292135,"eval_argmax_eval_recall_pos":0.6105527638190955,"fr/precision_pos_tuned":0.5384615384615384,"test/f1_neg":0.9643026004728132,"eval/samples_per_second":425.296,"_timestamp":1.7436761696362188e+09}