{"overall_TP":173,"train_embedding_shape":[31187,1024],"overall_f1_positive":0.5118343195266273,"dev_class_distribution":{"1":0.08605405405405406,"0":0.9139459459459459},"overall_macro_f1_positive":0.3812938246889469,"overall_FP":105,"accuracy_fr":0.9331742243436754,"recall_pos_en":0.5409836065573771,"embedding_time_seconds":183.5234625339508,"precision_pos_en":0.6875,"f1_pos_ru":0.539553752535497,"train_class_distribution_after_oversampling":{"1":0.5,"0":0.5},"overall_FN":225,"precision_pos_de":1,"accuracy_en":0.9523281596452328,"overall_confusion_matrix_table":{"sha256":"bf5d0d76d0b2caa443c99c925670580e438181b8e90f07a2d4ccc7ce2943c78c","size":139,"artifact_path":"wandb-client-artifact://4ip8by6tt6on8ysmihczsr806meekjd79kkhe5p4y6tynceuo1zlyf3ijgfcz99v2oidl0sq3dfldic1pu4lg81hqcuvdde923pu01e3kogvn8nh42mkkp74xasv8cur/overall_confusion_matrix_table.table.json","_latest_artifact_path":"wandb-client-artifact://lx39rv7ai8ammj1lcnmexv2kavdxs2yawqpwgtb98l7deoa71oj8rtf8h66dok1ykzxqs1c9k4qd30xlw47vh3ewjep5mbvw93v3imji6u0u1khfr6pj3lvxfx2dujn5:latest/overall_confusion_matrix_table.table.json","path":"media/table/overall_confusion_matrix_table_3_bf5d0d76d0b2caa443c9.table.json","ncols":3,"nrows":4,"_type":"table-file"},"f1_pos_de":0.15789473684210525,"_timestamp":1.7434313243320668e+09,"dev_embedding_shape":[4625,1024],"overall_TN":4122,"_step":3,"_runtime":222.3767712,"precision_pos_ru":0.6018099547511312,"accuracy_ru":0.9149812734082396,"n_train_samples_after_oversampling":57472,"f1_pos_en":0.6055045871559633,"n_train_samples_initial":31187,"_wandb":{"runtime":222},"recall_pos_ru":0.4889705882352941,"train_class_distribution":{"1":0.0785904383236605,"0":0.9214095616763395},"recall_pos_fr":0.13333333333333333,"n_dev_samples":4625,"f1_pos_fr":0.2222222222222222,"recall_pos_de":0.08571428571428572,"overall_precision_positive":0.6223021582733813,"overall_accuracy":0.9286486486486486,"overall_recall_positive":0.43467336683417085,"accuracy_de":0.9495268138801262,"precision_pos_fr":0.6666666666666666}