{"train_loss":0.14940011005579001,"eval/best_threshold":0.11,"train/epoch":7.999358727715788,"eval/f1_neg":0.9698688408365828,"eval/ru/thresh/recall_pos":0.7279411764705882,"test/recall_pos":0.7110552763819096,"_runtime":4444.3062863,"eval/loss":0.9861624836921692,"train/global_step":7792,"train/learning_rate":1.3380666302566904e-07,"train_runtime":4418.3916,"eval/overall/thresh/recall_pos":0.7361809045226131,"_wandb":{"runtime":4444},"_timestamp":1.7437239466262288e+09,"eval/ru/thresh/f1_pos":0.6923076923076923,"test/runtime":14.8091,"eval/ru/thresh/precision_pos":0.66,"eval/de/thresh/accuracy":0.9495268138801262,"test/steps_per_second":39.097,"eval/fr/thresh/f1_pos":0.647887323943662,"test/precision_pos":0.6674528301886793,"eval/precision_pos":0.6838046272493573,"eval/recall_pos":0.6683417085427136,"eval/de/thresh/precision_pos":0.5384615384615384,"eval/fr/thresh/precision_pos":0.5609756097560976,"train_steps_per_second":1.764,"eval/steps_per_second":39.6,"eval/en/thresh/precision_pos":0.7391304347826086,"eval/best_val_f1_at_threshold":0.69185360094451,"eval/f1_pos":0.6759847522236341,"eval/runtime":14.6214,"eval/fr/thresh/recall_pos":0.7666666666666667,"eval/overall/thresh/f1_pos":0.69185360094451,"train/grad_norm":0.007865291088819504,"test/samples_per_second":312.307,"test/accuracy":0.9446486486486486,"eval/en/thresh/f1_pos":0.7846153846153846,"eval/overall/thresh/accuracy":0.9435675675675675,"eval/en/thresh/recall_pos":0.8360655737704918,"eval/accuracy":0.9448648648648649,"total_flos":3.281363215816704e+16,"eval/de/thresh/f1_pos":0.5675675675675675,"eval/samples_per_second":316.317,"eval/de/thresh/recall_pos":0.6,"train/loss":0.0308,"test/f1_neg":0.969625059326056,"eval/overall/thresh/conf_matrix":{"path":"media/table/eval/overall/thresh/conf_matrix_166_6875fcc6d42ed9937abc.table.json","ncols":2,"nrows":2,"_type":"table-file","sha256":"6875fcc6d42ed9937abcc9fbc19d35542764f8405789fb4f798b50b3b6164b2f","size":68,"artifact_path":"wandb-client-artifact://3ypxbmeuer7yl7oi11w2w7kz42h5mcm3ciyd6nbbrhl71n3cw41k41hv50svoytogkgea7z6fcz45muwm3bzssd90ar7aou5uuxt7lusa5si9i9msaaa02yima8rl3og/eval/overall/thresh/conf_matrix.table.json","_latest_artifact_path":"wandb-client-artifact://3zwdqnywaxcujyi0st6auzd2mxj17kp97mmszfxz8mksee0329zaysit1egowkge46bvdfh2028gxfk47rdjeky8jbef1pkys6brjy82s5t8n4699m2f9m4uo5pr9o76:latest/eval/overall/thresh/conf_matrix.table.json"},"eval/overall/thresh/precision_pos":0.6525612472160356,"test/loss":0.8469882011413574,"test/f1_pos":0.6885644768856448,"train_samples_per_second":56.468,"eval/en/thresh/accuracy":0.9689578713968958,"eval/fr/thresh/accuracy":0.9403341288782816,"eval/ru/thresh/accuracy":0.9340823970037453,"_step":166,"eval/overall/thresh/macro_f1_pos_lang":0.6730944921085766}