{"eval/runtime":47.0735,"eval/loss":0.41951438784599304,"final_fr/recall_pos":0.8333333333333334,"train/loss":0.0674,"test/precision_pos":0.6401869158878505,"final_ru/f1_pos":0.6556776556776557,"final_en/recall_pos":0.7704918032786885,"test/runtime":54.6356,"eval/steps_per_second":12.279,"train_loss":0.17732695931751055,"test/loss":0.41951438784599304,"_wandb":{"runtime":6054},"eval/f1_pos":0.6634382566585957,"final_de/f1_pos":0.5974025974025974,"final_ru/accuracy":0.9295880149812734,"eval_argmax_eval_recall_pos":0.6884422110552764,"_timestamp":1.7436846149736044e+09,"eval/samples_per_second":98.229,"eval_argmax_epoch":5.999358727715788,"eval_argmax_eval_precision_pos":0.6401869158878505,"final_overall/recall_pos":0.6884422110552764,"train/learning_rate":5.0770020533880906e-06,"eval_argmax_eval_loss":0.41951438784599304,"train/epoch":5.999358727715788,"total_flos":2.461184949547008e+16,"_runtime":6054.4669992,"final_de/precision_pos":0.5476190476190477,"train/global_step":5844,"best_threshold":0.5169079303741455,"eval_argmax_eval_samples_per_second":98.229,"final_fr/precision_pos":0.5813953488372093,"test/f1_pos":0.6634382566585957,"final_fr/accuracy":0.9449760765550239,"final_overall/FN":124,"train_steps_per_second":1.318,"test/f1_neg":0.9669912134884825,"eval_argmax_eval_accuracy":0.9398788927335641,"test/steps_per_second":10.579,"test/samples_per_second":84.633,"final_confusion_matrix_table":{"ncols":3,"nrows":4,"_type":"table-file","sha256":"4c1b64a635ee3d47157f075f3c7eeebd05e0abaaa513701bf082053073f5aa7e","size":227,"artifact_path":"wandb-client-artifact://xxdl5mj6s2eprxacltcfzjqtvg39wxeynonq7zqsxyv9pccg0u566mecoryk73w6d0npc18j14zttzuuvgayezhu8h1cdstc5ph97zg9yxp6gum82yx2q567xst2eqd4/final_confusion_matrix_table.table.json","_latest_artifact_path":"wandb-client-artifact://b9bs1unitor1f4h53y8eisiw7wthpod1o1eipqvln7qvuc2s4ujp1m6dpdnrm7p3l8te6fa0fmjcqgpcto2yxq1wpa77ks61s5oyyvwms9melsluydt2kjicp4mpyjjv:latest/final_confusion_matrix_table.table.json","path":"media/table/final_confusion_matrix_table_71_4c1b64a635ee3d47157f.table.json"},"train_runtime":5911.3445,"final_de/recall_pos":0.6571428571428571,"best_threshold_macro_f1":0.6652721707516228,"eval_argmax_eval_f1_neg":0.9669912134884825,"final_en/precision_pos":0.6811594202898551,"train_samples_per_second":42.206,"eval_argmax_eval_steps_per_second":12.279,"test/accuracy":0.9398788927335641,"final_overall/accuracy":0.9398788927335641,"eval/f1_neg":0.9669912134884825,"final_ru/recall_pos":0.6580882352941176,"final_de/accuracy":0.9511041009463722,"eval/precision_pos":0.6401869158878505,"final_overall/f1_pos":0.6634382566585957,"eval_argmax_eval_runtime":47.0735,"final_overall/TP":274,"final_en/accuracy":0.9600886917960089,"_step":71,"final_overall/FP":154,"final_overall/macro_f1_pos":0.6652721707516228,"eval/accuracy":0.9398788927335641,"final_fr/f1_pos":0.684931506849315,"final_overall/precision_pos":0.6401869158878505,"train/grad_norm":9.614995956420898,"final_overall/TN":4072,"final_en/f1_pos":0.7230769230769231,"final_ru/precision_pos":0.6532846715328468,"eval_argmax_eval_f1_pos":0.6634382566585957,"eval/recall_pos":0.6884422110552764,"test/recall_pos":0.6884422110552764}