{"train/grad_norm":0.017928950488567352,"train_runtime":974.7083,"train/global_step":4764,"train_steps_per_second":4.888,"total_flos":3.838151985260544e+15,"_step":95,"_wandb":{"runtime":983},"train/learning_rate":1.4068780705672176e-07,"train_loss":0.03691377065509414,"_timestamp":1.743864436224409e+09,"train/loss":0,"train/epoch":1,"_runtime":981.2492236,"train_samples_per_second":39.096}