{"train/grad_norm":55.370304107666016,"test/f1_binary":0.9333333333333333,"eval/f1_binary":0.9333333333333333,"total_flos":2.4429861490176e+15,"eval/f1_beta":0.9482246544370794,"train/loss":0.1374,"train_steps_per_second":11.352,"train/epoch":5,"train/global_step":1550,"train_loss":0.1838847997111659,"test/precision":0.8794871794871795,"train/learning_rate":1.0348387096774195e-05,"eval/precision":0.8794871794871795,"test/runtime":2.3708,"_timestamp":1.742996046171875e+09,"train_samples_per_second":90.671,"test/loss":0.34230709075927734,"eval/steps_per_second":30.791,"_step":10,"train_runtime":273.0758,"eval/samples_per_second":244.355,"_runtime":277.3721932,"_wandb":{"runtime":278},"test/f1_beta":0.9482246544370794,"eval/recall":0.9942028985507246,"eval/loss":0.34230709075927734,"test/steps_per_second":32.9,"test/recall":0.9942028985507246,"eval/runtime":2.5332,"test/samples_per_second":261.089}