{"train/loss":0,"train_loss":0.03721508596298071,"_wandb":{"runtime":1386},"_runtime":1384.1816491,"train_runtime":1375.759,"_timestamp":1.743775580118565e+09,"train/epoch":1,"total_flos":5.013096470544384e+15,"_step":95,"train_samples_per_second":27.699,"train/grad_norm":0.007786320988088846,"train_steps_per_second":3.463,"train/learning_rate":1.2728896828941492e-07,"train/global_step":4764}