{"fr/accuracy":0.954653937947494,"fr/accuracy_tuned":0.9570405727923628,"overall/FN":105,"overall/FN_tuned":106,"de/recall_pos":0.6285714285714286,"de/f1_pos":0.5945945945945946,"overall/f1_pos_tuned":0.7087378640776699,"overall/macro_f1_pos":0.7061789029405366,"en/recall_pos":0.9016393442622951,"eval/recall_pos":0.7361809045226131,"overall/TP_tuned":292,"fr/precision_pos_tuned":0.6578947368421053,"overall/accuracy_tuned":0.9481081081081081,"ru/accuracy_tuned":0.9363295880149812,"train_runtime":10456.7548,"overall/recall_pos":0.7361809045226131,"train/loss":0.0645,"test/samples_per_second":74.03,"de/precision_pos":0.5641025641025641,"fr/f1_pos":0.7246376811594203,"overall/recall_pos_tuned":0.7336683417085427,"fr/f1_pos_tuned":0.7352941176470589,"en/precision_pos_tuned":0.7534246575342466,"ru/recall_pos_tuned":0.6985294117647058,"de/recall_pos_tuned":0.6285714285714286,"_wandb":{"runtime":10731},"test/accuracy":0.9461621621621622,"en/f1_pos":0.8208955223880597,"eval/accuracy":0.9461621621621622,"test/loss":0.3655704855918884,"_runtime":10709.9307224,"ru/recall_pos":0.7022058823529411,"test/f1_pos":0.7017964071856287,"overall/TP":293,"test/steps_per_second":37.023,"overall/macro_f1_pos_tuned":0.7145524605138301,"eval/precision_pos":0.6704805491990846,"ru/f1_pos_tuned":0.6909090909090909,"eval/f1_pos":0.7017964071856287,"overall/accuracy":0.9461621621621622,"overall/TN_tuned":4093,"de/accuracy":0.9526813880126183,"confusion_matrix_table":{"sha256":"ff6d2f399e6fffb7152d3c1d9eae5e9b13c4f1b763f34d92fcb3d31709142e98","size":227,"artifact_path":"wandb-client-artifact://5e2oz1u8cgutnck1gh6oihadvwa9h41nstqkanqh0ft2dw2mc3jxse5eso5w2vm86nmm7m1a8bnahk0akmtj5vjh0qvamxf4esbi2arzx9hk32o94p5z5kok0gbqwkww/confusion_matrix_table.table.json","_latest_artifact_path":"wandb-client-artifact://ffq6zclrszrj4sedcnnzkxs02kynoxptq1qqf3k1kdhjx7vnyyv2gdtvbxv8o9bfgzqpkm3e6ylon0w72hejcvyuqfml5sfyddhrwxroanjye13uxlg4wwqezv2mr7t9:latest/confusion_matrix_table.table.json","path":"media/table/confusion_matrix_table_126_ff6d2f399e6fffb7152d.table.json","ncols":3,"nrows":4,"_type":"table-file"},"eval/steps_per_second":37.597,"total_flos":6.557744722614221e+16,"test/f1_neg":0.9704099821746881,"_timestamp":1.7439825162151933e+09,"overall/FP":144,"en/precision_pos":0.7534246575342466,"confusion_matrix_tuned_table":{"sha256":"0fbd83ccbee4631cfbb3970b8177e247266cff5f7a0e0aef6611168f74304e6c","size":227,"artifact_path":"wandb-client-artifact://6l2iqmapfmyvvpk2pyu1864q06775tn6s0t0m8j3zbv3b0433rvj328x73i6qnpro83726nd82haz42o7da24wukhgf8qt9ppp33xyvpudkrdjuhrwh7jq41wxwhfl7f/confusion_matrix_tuned_table.table.json","_latest_artifact_path":"wandb-client-artifact://7wvo8k22hbezqyoscua4mo74uwjgzi9e39z5qbuamac3yhdzj2qur9s4b6crp81y95mx2blai17gygdiw7aalxr0e1yx69iqa1kao1hlqtslwg04q2o9qgc7rf1h3u7w:latest/confusion_matrix_tuned_table.table.json","path":"media/table/confusion_matrix_tuned_table_129_0fbd83ccbee4631cfbb3.table.json","ncols":3,"nrows":4,"_type":"table-file"},"en/f1_pos_tuned":0.8208955223880597,"test/precision_pos":0.6704805491990846,"de/f1_pos_tuned":0.6111111111111112,"test/runtime":62.4745,"train/global_step":5868,"train_loss":0.13557308697952408,"fr/recall_pos":0.8333333333333334,"fr/precision_pos":0.6410256410256411,"train/learning_rate":3.237900477164281e-08,"train_samples_per_second":17.961,"ru/precision_pos":0.6678321678321678,"eval/f1_neg":0.9704099821746881,"overall/TN":4083,"train/grad_norm":2.5390625,"de/precision_pos_tuned":0.5945945945945946,"ru/precision_pos_tuned":0.6834532374100719,"train/epoch":5.994696824484058,"en/accuracy_tuned":0.9733924611973392,"overall/FP_tuned":134,"eval/loss":0.3655704855918884,"ru/accuracy":0.9340823970037453,"eval/runtime":61.5216,"en/accuracy":0.9733924611973392,"overall/optimal_threshold":0.5900000000000002,"en/recall_pos_tuned":0.9016393442622951,"test/recall_pos":0.7361809045226131,"ru/f1_pos":0.6845878136200717,"de/accuracy_tuned":0.9558359621451105,"eval/samples_per_second":75.177,"_step":129,"overall/precision_pos_tuned":0.6854460093896714,"fr/recall_pos_tuned":0.8333333333333334,"overall/f1_pos":0.7017964071856287,"train_steps_per_second":0.561,"overall/precision_pos":0.6704805491990846}