{"_step":89,"_wandb":{"runtime":1205},"train_steps_per_second":3.778,"train/learning_rate":2.4952471482889736e-07,"train_runtime":1185.0057,"train_samples_per_second":30.221,"train_loss":0.039503031449632395,"_timestamp":1.7437194886719093e+09,"_runtime":1192.8720475,"train/grad_norm":0.013071742840111256,"train/loss":0.0001,"total_flos":4.711181956153344e+15,"train/global_step":4477,"train/epoch":1}